{"cameraMode":{"drawMode":0,"name":"Shaded","section":"Shading Mode"},"sceneLighting":true,"audioPlay":false,"sceneViewState":{"m_AlwaysRefresh":false,"showFog":true,"showSkybox":true,"showFlares":true,"showImageEffects":true,"showParticleSystems":true,"showVisualEffectGraphs":true,"m_FxEnabled":true},"in2DMode":false,"pivot":{"x":0.2568202018737793,"y":-2.229168176651001,"z":0.9341821670532227},"rotation":{"x":0.05786629766225815,"y":-0.4394225776195526,"z":0.028383037075400354,"w":0.8959127068519592},"size":1.336035132408142,"orthographic":true}